dayofweek,dayofyear,weekofyear,monthofyear,season,safari_wait
5,0,0,1,7,29
6,1,0,1,7,34
7,2,0,1,7,19
1,3,1,1,7,16
2,4,1,1,7,14
3,5,1,1,7,16
4,6,1,1,7,35
5,7,1,1,7,20
6,8,1,1,7,10
7,9,1,1,1,28
1,10,2,1,1,17
2,11,2,1,1,15
3,12,2,1,1,12
4,13,2,1,1,12
5,14,2,1,1,18
6,15,2,1,1,25
7,16,2,1,1,39
1,17,3,1,1,54
2,18,3,1,1,57
3,19,3,1,1,18
4,20,3,1,1,32
5,21,3,1,1,21
6,22,3,1,1,20
7,23,3,1,1,26
1,24,4,1,1,52
2,25,4,1,1,16
3,26,4,1,1,26
4,27,4,1,1,10
5,28,4,1,1,18
6,29,4,1,1,25
7,30,4,1,1,33
1,31,5,2,1,26
2,32,5,2,1,22
3,33,5,2,1,20
4,34,5,2,1,27
5,35,5,2,1,10
6,36,5,2,1,27
7,37,5,2,1,53
1,38,6,2,1,43
2,39,6,2,1,18
3,40,6,2,1,16
4,41,6,2,1,31
5,42,6,2,1,25
6,43,6,2,1,25
7,44,6,2,1,43
1,45,7,2,1,60
2,46,7,2,1,52
3,47,7,2,1,31
4,48,7,2,1,38
5,49,7,2,1,15
6,50,7,2,1,35
7,51,7,2,1,45
1,52,8,2,1,23
2,53,8,2,1,18
3,54,8,2,1,13
4,55,8,2,1,17
5,56,8,2,1,21
6,57,8,2,1,24
7,58,8,2,1,14
1,59,9,3,3,20
2,60,9,3,3,27
3,61,9,3,3,17
4,62,9,3,3,12
5,63,9,3,3,13
6,64,9,3,3,14
7,65,9,3,3,34
1,66,10,3,3,35
2,67,10,3,3,26
3,68,10,3,3,37
4,69,10,3,3,29
5,70,10,3,3,24
6,71,10,3,3,25
7,72,10,3,3,37
1,73,11,3,3,50
2,74,11,3,3,49
3,75,11,3,3,46
4,76,11,3,3,65
5,77,11,3,3,54
6,78,11,3,3,34
7,79,11,3,3,44
1,80,12,3,3,47
2,81,12,3,3,18
3,82,12,3,3,58
4,83,12,3,3,50
5,84,12,3,3,35
6,85,12,3,2,32
7,86,12,3,2,41
1,87,13,3,2,30
2,88,13,3,2,33
3,89,13,3,2,37
4,90,13,4,2,55
5,91,13,4,2,27
6,92,13,4,2,22
7,93,13,4,2,26
1,94,14,4,2,24
2,95,14,4,2,36
3,96,14,4,2,58
4,97,14,4,2,45
5,98,14,4,2,37
6,99,14,4,2,30
7,100,14,4,2,22
1,101,15,4,2,18
2,102,15,4,2,15
3,103,15,4,2,12
4,104,15,4,3,19
5,105,15,4,3,24
6,106,15,4,3,27
7,107,15,4,3,35
1,108,16,4,3,29
2,109,16,4,3,20
3,110,16,4,3,21
4,111,16,4,3,21
5,112,16,4,3,15
6,113,16,4,3,26
7,114,16,4,3,37
1,115,17,4,3,29
2,116,17,4,3,30
3,117,17,4,3,9
4,118,17,4,3,18
5,119,17,4,3,41
6,120,17,5,3,31
7,121,17,5,3,38
1,122,18,5,3,41
2,123,18,5,3,29
3,124,18,5,3,18
4,125,18,5,3,16
5,126,18,5,3,22
6,127,18,5,3,32
7,128,18,5,3,36
1,129,19,5,3,25
2,130,19,5,3,26
3,131,19,5,3,13
4,132,19,5,3,18
5,133,19,5,3,25
6,134,19,5,3,19
7,135,19,5,3,38
1,136,20,5,3,35
2,137,20,5,3,22
3,138,20,5,3,26
4,139,20,5,3,28
5,140,20,5,3,29
6,141,20,5,3,24
7,142,20,5,4,55
1,143,21,5,4,53
2,144,21,5,4,42
3,145,21,5,4,34
4,146,21,5,3,35
5,147,21,5,3,36
6,148,21,5,3,36
7,149,21,5,3,48
1,150,22,5,3,44
2,151,22,6,3,23
3,152,22,6,3,31
4,153,22,6,3,33
5,154,22,6,3,17
6,155,22,6,3,31
7,156,22,6,3,28
1,157,23,6,3,29
2,158,23,6,3,41
3,159,23,6,3,46
4,160,23,6,3,31
5,161,23,6,3,39
6,162,23,6,3,32
7,163,23,6,3,33
1,164,24,6,3,26
2,165,24,6,3,27
3,166,24,6,3,36
4,167,24,6,3,36
5,168,24,6,3,33
6,169,24,6,3,19
7,170,24,6,3,24
1,171,25,6,3,25
2,172,25,6,3,32
3,173,25,6,3,48
4,174,25,6,3,59
5,175,25,6,3,35
6,176,25,6,3,25
7,177,25,6,3,20
1,178,26,6,3,30
2,179,26,6,3,20
3,180,26,6,3,31
4,181,26,7,4,29
5,182,26,7,4,43
6,183,26,7,4,29
7,184,26,7,4,10
1,185,27,7,4,12
2,186,27,7,4,19
3,187,27,7,4,23
4,188,27,7,4,41
5,189,27,7,4,19
6,190,27,7,4,14
7,191,27,7,4,16
1,192,28,7,4,12
2,193,28,7,4,20
3,194,28,7,4,22
4,195,28,7,4,48
5,196,28,7,4,23
6,197,28,7,4,16
7,198,28,7,4,23
1,199,29,7,4,37
2,200,29,7,4,20
3,201,29,7,4,40
4,202,29,7,4,40
5,203,29,7,4,39
6,204,29,7,4,17
7,205,29,7,4,10
1,206,30,7,4,16
2,207,30,7,4,37
3,208,30,7,4,18
4,209,30,7,4,35
1,213,31,8,4,25
2,214,31,8,4,10
3,215,31,8,4,45
4,216,31,8,4,43
5,217,31,8,4,38
6,218,31,8,4,23
7,219,31,8,4,34
1,220,32,8,4,27
2,221,32,8,4,17
3,222,32,8,4,27
4,223,32,8,4,44
5,224,32,8,4,18
6,225,32,8,4,17
7,226,32,8,4,28
1,227,33,8,4,28
2,228,33,8,4,30
3,229,33,8,4,31
4,230,33,8,4,59
5,231,33,8,4,35
6,232,33,8,4,27
7,233,33,8,4,15
1,234,34,8,4,22
2,235,34,8,4,27
3,236,34,8,5,25
4,237,34,8,5,31
5,238,34,8,5,14
6,239,34,8,5,19
7,240,34,8,5,16
1,241,35,8,5,21
2,242,35,8,5,10
3,243,35,9,5,9
4,244,35,9,5,11
5,245,35,9,5,9
6,246,35,9,5,10
7,247,35,9,5,36
1,248,36,9,5,39
2,249,36,9,5,30
3,250,36,9,5,17
4,251,36,9,5,17
5,252,36,9,5,24
6,253,36,9,5,20
7,254,36,9,5,30
1,255,37,9,5,13
2,256,37,9,5,31
3,257,37,9,5,23
4,258,37,9,5,24
5,259,37,9,5,33
6,260,37,9,5,24
7,261,37,9,5,30
1,262,38,9,5,28
2,263,38,9,5,22
3,264,38,9,5,37
4,265,38,9,5,30
5,266,38,9,5,37
6,267,38,9,5,22
7,268,38,9,5,35
1,269,39,9,5,24
2,270,39,9,5,26
3,271,39,9,5,10
4,272,39,9,5,22
5,273,39,10,5,17
6,274,39,10,5,20
7,275,39,10,5,45
1,276,40,10,5,39
2,277,40,10,5,29
3,278,40,10,5,35
4,279,40,10,5,27
5,280,40,10,5,33
6,281,40,10,5,35
7,282,40,10,5,47
1,283,41,10,5,57
2,284,41,10,5,57
3,285,41,10,5,37
4,286,41,10,5,36
5,287,41,10,5,47
6,288,41,10,5,51
7,289,41,10,5,46
1,290,42,10,5,42
2,291,42,10,5,23
3,292,42,10,5,27
4,293,42,10,5,19
5,294,42,10,5,25
6,295,42,10,5,38
7,296,42,10,5,41
1,297,43,10,5,48
2,298,43,10,5,32
3,299,43,10,5,36
4,300,43,10,5,12
5,301,43,10,5,38
6,302,43,10,5,35
7,303,43,10,5,23
1,304,44,11,5,24
2,305,44,11,5,31
3,306,44,11,5,22
4,307,44,11,5,15
5,308,44,11,5,37
6,309,44,11,5,25
7,310,44,11,5,42
1,311,45,11,5,43
2,312,45,11,5,27
3,313,45,11,5,52
4,314,45,11,5,47
5,315,45,11,5,52
6,316,45,11,5,50
7,317,45,11,5,63
1,318,46,11,5,38
2,319,46,11,5,27
3,320,46,11,5,36
4,321,46,11,5,18
5,322,46,11,5,26
6,323,46,11,6,21
7,324,46,11,6,46
1,325,47,11,6,28
2,326,47,11,6,62
3,327,47,11,6,64
4,328,47,11,6,61
5,329,47,11,6,41
6,330,47,11,6,53
7,331,47,11,6,50
1,332,48,11,6,32
2,333,48,11,6,26
3,334,48,12,6,14
4,335,48,12,1,14
5,336,48,12,1,32
6,337,48,12,1,35
7,338,48,12,1,35
1,339,49,12,1,33
2,340,49,12,1,33
3,341,49,12,1,28
4,342,49,12,1,25
5,343,49,12,1,40
6,344,49,12,1,31
7,345,49,12,1,50
1,346,50,12,1,55
2,347,50,12,1,13
3,348,50,12,1,21
4,349,50,12,1,13
5,350,50,12,1,33
6,351,50,12,7,16
7,352,50,12,7,67
1,353,51,12,7,66
2,354,51,12,7,58
3,355,51,12,7,65
4,356,51,12,7,66
5,357,51,12,7,28
6,358,51,12,7,29
7,359,51,12,7,30
1,360,52,12,7,59
2,361,52,12,7,72
3,362,52,12,7,80
4,363,52,12,7,64
5,364,52,12,7,23
6,0,0,1,7,24
7,1,0,1,7,46
1,2,1,1,7,9
2,3,1,1,7,45
3,4,1,1,7,33
4,5,1,1,7,18
5,6,1,1,7,23
6,7,1,1,7,18
7,8,1,1,7,37
1,9,2,1,1,18
2,10,2,1,1,21
3,11,2,1,1,24
4,12,2,1,1,14
5,13,2,1,1,19
6,14,2,1,1,10
7,15,2,1,1,52
1,16,3,1,1,49
2,17,3,1,1,60
3,18,3,1,1,10
4,19,3,1,1,17
5,20,3,1,1,23
6,21,3,1,1,10
7,22,3,1,1,24
1,23,4,1,1,35
2,24,4,1,1,31
3,25,4,1,1,27
4,26,4,1,1,11
5,27,4,1,1,11
6,28,4,1,1,59
7,29,4,1,1,55
1,30,5,1,1,56
2,31,5,2,1,32
3,32,5,2,1,10
4,33,5,2,1,29
5,34,5,2,1,20
6,35,5,2,1,56
7,36,5,2,1,45
1,37,6,2,1,40
2,38,6,2,1,54
3,39,6,2,1,19
4,40,6,2,1,30
5,41,6,2,1,90
6,42,6,2,1,74
7,43,6,2,1,86
1,44,7,2,1,85
2,45,7,2,1,76
3,46,7,2,1,69
4,47,7,2,1,55
5,48,7,2,1,54
6,49,7,2,1,74
7,50,7,2,1,62
1,51,8,2,1,28
2,52,8,2,1,29
3,53,8,2,1,26
4,54,8,2,1,10
5,55,8,2,1,63
6,56,8,2,1,91
7,57,8,2,1,62
1,58,9,2,1,70
2,59,9,2,1,32
3,60,9,3,3,35
4,61,9,3,3,29
5,62,9,3,3,41
6,63,9,3,3,44
7,64,9,3,3,35
1,65,10,3,3,42
2,66,10,3,3,40
3,67,10,3,3,41
4,68,10,3,3,41
5,69,10,3,3,32
6,70,10,3,3,41
7,71,10,3,3,55
1,72,11,3,3,42
2,73,11,3,3,68
3,74,11,3,3,89
4,75,11,3,3,69
5,76,11,3,3,63
6,77,11,3,2,71
7,78,11,3,2,33
1,79,12,3,2,44
2,80,12,3,2,76
3,81,12,3,2,94
4,82,12,3,2,96
5,83,12,3,2,69
6,84,12,3,2,55
7,85,12,3,2,60
1,86,13,3,2,56
2,87,13,3,2,67
3,88,13,3,2,80
4,89,13,3,2,99
5,90,13,3,2,73
6,91,13,4,2,55
7,92,13,4,2,24
1,93,14,4,2,75
2,94,14,4,2,66
3,95,14,4,2,70
4,96,14,4,3,86
5,97,14,4,3,72
6,98,14,4,3,63
7,99,14,4,3,55
1,100,15,4,3,63
2,101,15,4,3,48
3,102,15,4,3,31
4,103,15,4,3,35
5,104,15,4,3,40
6,105,15,4,3,69
7,106,15,4,3,53
1,107,16,4,3,51
2,108,16,4,3,48
3,109,16,4,3,52
4,110,16,4,3,44
5,111,16,4,3,50
6,112,16,4,3,64
7,113,16,4,3,55
1,114,17,4,3,43
2,115,17,4,3,49
3,116,17,4,3,71
4,117,17,4,3,48
5,118,17,4,3,52
6,119,17,4,3,47
7,120,17,4,3,34
1,121,18,5,3,44
2,122,18,5,3,41
3,123,18,5,3,25
4,124,18,5,3,10
5,125,18,5,3,56
6,126,18,5,3,54
7,127,18,5,3,50
1,128,19,5,3,35
2,129,19,5,3,21
3,130,19,5,3,31
4,131,19,5,3,45
5,132,19,5,3,37
6,133,19,5,3,29
7,134,19,5,3,46
1,135,20,5,3,32
2,136,20,5,3,29
3,137,20,5,3,22
4,138,20,5,3,21
5,139,20,5,3,38
6,140,20,5,3,50
7,141,20,5,3,38
1,142,21,5,3,48
2,143,21,5,3,46
3,144,21,5,3,47
4,145,21,5,3,51
5,146,21,5,3,52
6,147,21,5,3,35
7,148,21,5,4,36
1,149,22,5,4,44
2,150,22,5,4,29
3,151,22,5,4,24
4,152,22,6,3,26
5,153,22,6,3,38
6,154,22,6,3,46
7,155,22,6,3,51
1,156,23,6,3,27
2,157,23,6,3,35
3,158,23,6,3,34
4,159,23,6,3,40
5,160,23,6,3,40
6,161,23,6,3,42
7,162,23,6,3,36
1,163,24,6,3,23
2,164,24,6,3,33
3,165,24,6,3,52
4,166,24,6,3,22
5,167,24,6,3,30
6,168,24,6,3,18
7,169,24,6,3,24
1,170,25,6,3,16
2,171,25,6,3,35
3,172,25,6,3,39
4,173,25,6,3,22
5,174,25,6,3,14
6,175,25,6,3,20
7,176,25,6,3,18
1,177,26,6,3,15
2,178,26,6,3,26
3,179,26,6,3,24
4,180,26,6,3,23
5,181,26,6,3,16
6,182,26,7,4,14
7,183,26,7,4,26
1,184,27,7,4,22
2,185,27,7,4,13
3,186,27,7,4,43
4,187,27,7,4,15
5,188,27,7,4,19
6,189,27,7,4,12
7,190,27,7,4,13
1,191,28,7,4,11
2,192,28,7,4,25
3,193,28,7,4,17
4,194,28,7,4,15
5,195,28,7,4,24
6,196,28,7,4,13
7,197,28,7,4,20
1,198,29,7,4,29
2,199,29,7,4,21
3,200,29,7,4,46
4,201,29,7,4,27
5,202,29,7,4,22
6,203,29,7,4,18
7,204,29,7,4,16
1,205,30,7,4,15
2,206,30,7,4,25
3,207,30,7,4,37
4,208,30,7,4,20
5,209,30,7,4,18
6,210,30,7,4,31
7,211,30,7,4,17
1,212,31,7,4,15
2,213,31,8,4,15
3,214,31,8,4,20
4,215,31,8,4,18
5,216,31,8,4,20
6,217,31,8,4,24
7,218,31,8,4,31
1,219,32,8,4,14
2,220,32,8,4,20
3,221,32,8,4,31
4,222,32,8,4,11
5,223,32,8,4,14
6,224,32,8,4,20
7,225,32,8,4,30
1,226,33,8,4,23
2,227,33,8,4,23
3,228,33,8,4,15
4,229,33,8,4,15
5,230,33,8,4,45
6,231,33,8,4,33
7,232,33,8,4,38
1,233,34,8,4,32
2,234,34,8,4,16
3,235,34,8,5,38
4,236,34,8,5,14
5,237,34,8,5,24
6,238,34,8,5,20
7,239,34,8,5,26
1,240,35,8,5,19
2,241,35,8,5,14
3,242,35,8,5,10
4,243,35,8,5,9
5,244,35,9,5,10
6,245,35,9,5,13
7,246,35,9,5,29
1,247,36,9,5,41
2,248,36,9,5,23
3,249,36,9,5,11
4,250,36,9,5,11
5,251,36,9,5,12
6,252,36,9,5,12
7,253,36,9,5,12
1,254,37,9,5,19
2,255,37,9,5,14
3,256,37,9,5,13
4,257,37,9,5,22
5,258,37,9,5,16
6,259,37,9,5,24
7,260,37,9,5,33
1,261,38,9,5,35
2,262,38,9,5,28
3,263,38,9,5,23
4,264,38,9,5,18
5,265,38,9,5,20
6,266,38,9,5,21
7,267,38,9,5,43
1,268,39,9,5,14
2,269,39,9,5,27
3,270,39,9,5,33
4,271,39,9,5,17
5,272,39,9,5,18
6,273,39,9,5,29
7,274,39,10,5,23
1,275,40,10,5,31
2,276,40,10,5,26
3,277,40,10,5,24
4,278,40,10,5,18
5,279,40,10,5,15
7,281,40,10,5,19
1,282,41,10,5,45
2,283,41,10,5,54
3,284,41,10,5,45
4,285,41,10,5,20
5,286,41,10,5,42
6,287,41,10,5,45
7,288,41,10,5,22
1,289,42,10,5,28
2,290,42,10,5,29
3,291,42,10,5,22
4,292,42,10,5,33
5,293,42,10,5,25
6,294,42,10,5,45
7,295,42,10,5,43
1,296,43,10,5,40
2,297,43,10,5,24
3,298,43,10,5,18
4,299,43,10,5,18
5,300,43,10,5,16
6,301,43,10,5,28
7,302,43,10,5,23
1,303,44,10,5,18
2,304,44,10,5,14
3,305,44,11,5,14
4,306,44,11,5,11
5,307,44,11,5,15
6,308,44,11,5,21
7,309,44,11,5,43
1,310,45,11,5,35
2,311,45,11,5,48
3,312,45,11,5,36
4,313,45,11,5,43
5,314,45,11,5,51
6,315,45,11,5,57
7,316,45,11,5,64
1,317,46,11,5,35
2,318,46,11,5,26
3,319,46,11,5,19
4,320,46,11,5,18
5,321,46,11,5,32
6,322,46,11,6,16
7,323,46,11,6,33
1,324,47,11,6,54
2,325,47,11,6,56
3,326,47,11,6,71
4,327,47,11,6,60
5,328,47,11,6,45
6,329,47,11,6,52
7,330,47,11,6,50
1,331,48,11,6,31
2,332,48,11,6,32
3,333,48,11,6,18
4,334,48,11,5,27
5,335,48,12,1,31
6,336,48,12,1,21
7,337,48,12,1,37
1,338,49,12,1,30
2,339,49,12,1,22
3,340,49,12,1,15
4,341,49,12,1,44
5,342,49,12,1,28
6,343,49,12,1,38
7,344,49,12,1,42
1,345,50,12,1,39
2,346,50,12,1,44
3,347,50,12,1,30
4,348,50,12,1,16
5,349,50,12,1,17
6,350,50,12,1,24
7,351,50,12,1,36
1,352,51,12,7,40
2,353,51,12,7,42
3,354,51,12,7,56
4,355,51,12,7,42
5,356,51,12,7,27
6,357,51,12,7,31
7,358,51,12,7,16
1,359,52,12,7,19
2,360,52,12,7,61
3,361,52,12,7,72
4,362,52,12,7,76
5,363,52,12,7,64
6,364,52,12,7,56
7,365,52,12,7,33
1,0,1,1,7,40
2,1,1,1,7,50
3,2,1,1,7,65
4,3,1,1,7,77
5,4,1,1,7,81
6,5,1,1,7,74
7,6,1,1,7,13
1,7,2,1,7,26
2,8,2,1,7,38
3,9,2,1,1,22
4,10,2,1,1,14
5,11,2,1,1,18
6,12,2,1,1,16
7,13,2,1,1,45
1,14,3,1,1,67
2,15,3,1,1,39
3,16,3,1,1,16
4,17,3,1,1,15
5,18,3,1,1,12
6,19,3,1,1,19
7,20,3,1,1,47
1,21,4,1,1,16
2,22,4,1,1,37
3,23,4,1,1,27
4,24,4,1,1,17
5,25,4,1,1,12
6,26,4,1,1,33
7,27,4,1,1,46
1,28,5,1,1,12
2,29,5,1,1,25
3,30,5,1,1,12
4,31,5,2,1,12
5,32,5,2,1,14
6,33,5,2,1,27
7,34,5,2,1,60
1,35,6,2,1,44
2,36,6,2,1,30
3,37,6,2,1,15
4,38,6,2,1,22
5,39,6,2,1,29
6,40,6,2,1,29
7,41,6,2,1,52
1,42,7,2,1,40
2,43,7,2,1,32
3,44,7,2,1,26
4,45,7,2,1,12
5,46,7,2,1,17
6,47,7,2,1,53
7,48,7,2,1,53
1,49,8,2,1,76
2,50,8,2,1,65
3,51,8,2,1,62
4,52,8,2,1,16
5,53,8,2,1,48
6,54,8,2,1,37
7,55,8,2,1,61
1,56,9,2,1,53
2,57,9,2,1,48
3,58,9,2,1,46
4,59,9,3,1,21
5,60,9,3,3,35
6,61,9,3,3,33
7,62,9,3,3,48
1,63,10,3,3,46
2,64,10,3,3,47
3,65,10,3,3,35
4,66,10,3,3,15
5,67,10,3,3,30
6,68,10,3,3,20
7,69,10,3,3,45
1,70,11,3,3,53
2,71,11,3,3,50
3,72,11,3,3,96
4,73,11,3,3,85
5,74,11,3,3,70
6,75,11,3,3,57
7,76,11,3,3,49
1,77,12,3,3,48
2,78,12,3,3,52
3,79,12,3,3,68
4,80,12,3,3,33
5,81,12,3,3,30
6,82,12,3,3,41
7,83,12,3,3,56
1,84,13,3,3,48
2,85,13,3,3,30
3,86,13,3,3,53
4,87,13,3,3,21
5,88,13,3,3,31
6,89,13,3,3,25
7,90,13,4,3,35
1,91,14,4,3,47
2,92,14,4,3,41
3,93,14,4,3,78
4,94,14,4,3,25
5,95,14,4,3,49
6,96,14,4,2,44
7,97,14,4,2,42
1,98,15,4,2,60
2,99,15,4,2,55
3,100,15,4,2,78
4,101,15,4,2,53
5,102,15,4,2,55
6,103,15,4,2,49
7,104,15,4,2,43
1,105,16,4,2,21
2,106,16,4,2,27
3,107,16,4,2,32
4,108,16,4,2,30
5,109,16,4,2,25
6,110,16,4,2,25
7,111,16,4,2,30
1,112,17,4,2,27
2,113,17,4,2,34
3,114,17,4,2,28
4,115,17,4,3,23
5,116,17,4,3,21
6,117,17,4,3,23
7,118,17,4,3,29
1,119,18,4,3,41
2,120,18,5,3,22
3,121,18,5,3,17
4,122,18,5,3,19
5,123,18,5,3,33
6,124,18,5,3,42
7,125,18,5,3,53
1,126,19,5,3,52
2,127,19,5,3,46
3,128,19,5,3,16
4,129,19,5,3,25
5,130,19,5,3,27
6,131,19,5,3,40
7,132,19,5,3,46
1,133,20,5,3,61
2,134,20,5,3,38
3,135,20,5,3,26
4,136,20,5,3,29
5,137,20,5,3,32
6,138,20,5,3,31
7,139,20,5,3,47
1,140,21,5,3,41
2,141,21,5,3,31
3,142,21,5,3,27
4,143,21,5,3,13
5,144,21,5,3,30
6,145,21,5,3,19
7,146,21,5,4,45
1,147,22,5,4,36
2,148,22,5,4,35
3,149,22,5,4,38
4,150,22,5,3,26
5,151,22,6,3,24
6,152,22,6,3,28
7,153,22,6,3,34
1,154,23,6,3,24
2,155,23,6,3,34
3,156,23,6,3,21
4,157,23,6,3,22
5,158,23,6,3,23
6,159,23,6,3,35
7,160,23,6,3,15
1,161,24,6,3,17
2,162,24,6,3,34
3,163,24,6,3,33
4,164,24,6,3,21
5,165,24,6,3,18
6,166,24,6,3,28
7,167,24,6,3,19
1,168,25,6,3,17
2,169,25,6,3,33
3,170,25,6,3,27
4,171,25,6,3,14
5,172,25,6,3,24
6,173,25,6,3,24
7,174,25,6,3,18
1,175,26,6,3,16
2,176,26,6,3,52
3,177,26,6,3,33
4,178,26,6,3,34
5,179,26,6,3,28
6,180,26,6,3,18
7,181,26,7,4,29
1,182,27,7,4,32
2,183,27,7,4,45
3,184,27,7,4,15
4,185,27,7,4,44
5,186,27,7,4,47
6,187,27,7,4,21
7,188,27,7,4,18
1,189,28,7,4,17
2,190,28,7,4,35
3,191,28,7,4,47
4,192,28,7,4,27
5,193,28,7,4,48
6,194,28,7,4,22
7,195,28,7,4,28
1,196,29,7,4,21
2,197,29,7,4,39
3,198,29,7,4,38
4,199,29,7,4,43
5,200,29,7,4,41
6,201,29,7,4,28
7,202,29,7,4,33
1,203,30,7,4,39
2,204,30,7,4,62
3,205,30,7,4,49
4,206,30,7,4,55
5,207,30,7,4,46
6,208,30,7,4,28
7,209,30,7,4,27
1,210,31,7,4,15
2,211,31,7,4,42
3,212,31,8,4,50
4,213,31,8,4,39
5,214,31,8,4,44
6,215,31,8,4,39
7,216,31,8,4,33
1,217,32,8,4,34
2,218,32,8,4,49
3,219,32,8,4,55
4,220,32,8,4,47
5,221,32,8,4,48
6,222,32,8,4,28
7,223,32,8,4,37
1,224,33,8,4,24
2,225,33,8,4,55
3,226,33,8,4,49
4,227,33,8,4,37
5,228,33,8,4,21
6,229,33,8,4,29
7,230,33,8,4,34
1,231,34,8,4,24
2,232,34,8,4,19
3,233,34,8,5,22
4,234,34,8,5,20
5,235,34,8,5,27
6,236,34,8,5,26
7,237,34,8,5,22
1,238,35,8,5,15
2,239,35,8,5,21
3,240,35,8,5,20
4,241,35,8,5,12
5,242,35,8,5,16
6,243,35,9,5,18
7,244,35,9,5,25
1,245,36,9,5,42
2,246,36,9,5,15
3,247,36,9,5,23
4,248,36,9,5,16
5,249,36,9,5,17
6,250,36,9,5,15
7,251,36,9,5,12
3,254,37,9,5,16
4,255,37,9,5,11
5,256,37,9,5,12
6,257,37,9,5,16
7,258,37,9,5,19
1,259,38,9,5,19
2,260,38,9,5,24
3,261,38,9,5,29
4,262,38,9,5,22
5,263,38,9,5,33
6,264,38,9,5,24
7,265,38,9,5,33
1,266,39,9,5,35
2,267,39,9,5,34
3,268,39,9,5,42
4,269,39,9,5,34
5,270,39,9,5,32
6,271,39,9,5,47
7,272,39,9,5,34
1,273,40,10,5,30
2,274,40,10,5,35
3,275,40,10,5,45
4,276,40,10,5,41
5,277,40,10,5,21
6,278,40,10,5,47
7,279,40,10,5,46
1,280,41,10,5,56
2,281,41,10,5,47
3,282,41,10,5,59
4,283,41,10,5,38
5,284,41,10,5,63
6,285,41,10,5,45
7,286,41,10,5,37
1,287,42,10,5,47
2,288,42,10,5,53
3,289,42,10,5,50
4,290,42,10,5,43
5,291,42,10,5,57
6,292,42,10,5,60
7,293,42,10,5,41
1,294,43,10,5,33
2,295,43,10,5,39
3,296,43,10,5,34
4,297,43,10,5,56
5,298,43,10,5,58
6,299,43,10,5,36
7,300,43,10,5,42
1,301,44,10,5,46
2,302,44,10,5,42
3,303,44,10,5,49
4,304,44,11,5,29
5,305,44,11,5,48
6,306,44,11,5,32
7,307,44,11,5,41
1,308,45,11,5,40
2,309,45,11,5,54
3,310,45,11,5,47
4,311,45,11,5,48
5,312,45,11,5,56
6,313,45,11,5,62
7,314,45,11,5,47
1,315,46,11,5,52
2,316,46,11,5,41
3,317,46,11,5,38
4,318,46,11,5,43
5,319,46,11,5,41
6,320,46,11,6,51
7,321,46,11,6,45
1,322,47,11,6,45
2,323,47,11,6,73
3,324,47,11,6,54
4,325,47,11,6,61
5,326,47,11,6,29
6,327,47,11,6,53
7,328,47,11,6,45
1,329,48,11,6,35
2,330,48,11,6,33
3,331,48,11,6,31
4,332,48,11,5,39
5,333,48,11,5,46
6,334,48,12,1,36
7,335,48,12,1,41
1,336,49,12,1,46
2,337,49,12,1,38
3,338,49,12,1,34
4,339,49,12,1,18
5,340,49,12,1,47
6,341,49,12,1,42
7,342,49,12,1,28
1,343,50,12,1,51
2,344,50,12,1,62
3,345,50,12,1,44
4,346,50,12,1,32
5,347,50,12,1,55
6,348,50,12,1,51
7,349,50,12,1,56
1,350,51,12,1,69
2,351,51,12,7,60
3,352,51,12,7,72
4,353,51,12,7,50
5,354,51,12,7,58
6,355,51,12,7,63
7,356,51,12,7,57
1,357,52,12,7,49
2,358,52,12,7,57
3,359,52,12,7,67
4,360,52,12,7,70
5,361,52,12,7,73
6,362,52,12,7,64
7,363,52,12,7,61
1,364,53,12,7,48
2,0,0,1,7,14
3,1,0,1,7,50
4,2,0,1,7,13
5,3,0,1,7,84
6,4,0,1,7,60
7,5,0,1,7,45
1,6,1,1,7,44
2,7,1,1,7,52
3,8,1,1,7,26
4,9,1,1,1,37
5,10,1,1,1,46
6,11,1,1,1,30
7,12,1,1,1,40
1,13,2,1,1,43
2,14,2,1,1,36
3,15,2,1,1,47
4,16,2,1,1,25
5,17,2,1,1,25
6,18,2,1,1,43
7,19,2,1,1,52
1,20,3,1,1,52
2,21,3,1,1,51
3,22,3,1,1,23
4,23,3,1,1,35
5,24,3,1,1,37
6,25,3,1,1,40
7,26,3,1,1,60
1,27,4,1,1,40
2,28,4,1,1,43
3,29,4,1,1,36
4,30,4,1,1,31
5,31,4,2,1,53
6,32,4,2,1,46
7,33,4,2,1,65
1,34,5,2,1,39
2,35,5,2,1,50
3,36,5,2,1,36
4,37,5,2,1,37
5,38,5,2,1,45
6,39,5,2,1,50
7,40,5,2,1,59
1,41,6,2,1,65
2,42,6,2,1,63
3,43,6,2,1,48
4,44,6,2,1,43
5,45,6,2,1,77
6,46,6,2,1,53
7,47,6,2,1,52
1,48,7,2,1,66
2,49,7,2,1,53
3,50,7,2,1,64
4,51,7,2,1,43
5,52,7,2,1,55
6,53,7,2,1,51
7,54,7,2,1,59
1,55,8,2,1,46
2,56,8,2,1,47
3,57,8,2,1,28
4,58,8,2,1,25
5,59,8,3,3,38
6,60,8,3,3,56
7,61,8,3,3,57
1,62,9,3,3,62
2,63,9,3,3,55
3,64,9,3,3,29
4,65,9,3,3,43
5,66,9,3,3,63
6,67,9,3,3,64
7,68,9,3,3,54
1,69,10,3,3,50
2,70,10,3,3,66
3,71,10,3,3,74
4,72,10,3,3,78
5,73,10,3,3,58
6,74,10,3,3,63
7,75,10,3,3,41
1,76,11,3,3,39
2,77,11,3,3,36
3,78,11,3,3,20
4,79,11,3,3,45
5,80,11,3,3,62
6,81,11,3,2,55
7,82,11,3,2,46
1,83,12,3,2,55
2,84,12,3,2,59
3,85,12,3,2,64
4,86,12,3,2,52
5,87,12,3,2,64
6,88,12,3,2,43
7,89,12,3,2,58
1,90,13,4,2,41
2,91,13,4,2,67
3,92,13,4,2,62
4,93,13,4,2,66
5,94,13,4,2,62
6,95,13,4,2,46
7,96,13,4,2,33
1,97,14,4,2,49
2,98,14,4,2,35
3,99,14,4,2,24
4,100,14,4,3,50
5,101,14,4,3,45
6,102,14,4,3,49
7,103,14,4,3,61
1,104,15,4,3,21
2,105,15,4,3,60
3,106,15,4,3,44
4,107,15,4,3,34
5,108,15,4,3,40
6,109,15,4,3,56
7,110,15,4,3,65
1,111,16,4,3,44
2,112,16,4,3,27
3,113,16,4,3,23
4,114,16,4,3,49
5,115,16,4,3,45
6,116,16,4,3,55
7,117,16,4,3,54
1,118,17,4,3,41
2,119,17,4,3,33
3,120,17,5,3,31
4,121,17,5,3,29
5,122,17,5,3,51
6,123,17,5,3,60
7,124,17,5,3,57
1,125,18,5,3,33
2,126,18,5,3,53
3,127,18,5,3,31
4,128,18,5,3,41
5,129,18,5,3,49
6,130,18,5,3,47
7,131,18,5,3,51
1,132,19,5,3,42
2,133,19,5,3,28
3,134,19,5,3,40
4,135,19,5,3,34
5,136,19,5,3,46
6,137,19,5,3,42
7,138,19,5,3,28
1,139,20,5,3,16
2,140,20,5,3,45
3,141,20,5,3,56
4,142,20,5,3,26
5,143,20,5,3,38
6,144,20,5,3,47
7,145,20,5,4,53
1,146,21,5,4,33
2,147,21,5,4,43
3,148,21,5,4,42
4,149,21,5,3,20
5,150,21,5,3,52
6,151,21,6,3,50
7,152,21,6,3,54
1,153,22,6,3,63
2,154,22,6,3,48
3,155,22,6,3,67
4,156,22,6,3,51
5,157,22,6,3,46
6,158,22,6,3,51
7,159,22,6,3,51
1,160,23,6,3,55
2,161,23,6,3,46
3,162,23,6,3,58
4,163,23,6,3,43
5,164,23,6,3,52
6,165,23,6,3,52
7,166,23,6,3,62
1,167,24,6,3,38
2,168,24,6,3,53
3,169,24,6,3,70
4,170,24,6,3,57
5,171,24,6,3,64
6,172,24,6,3,70
7,173,24,6,3,58
1,174,25,6,3,50
2,175,25,6,3,47
3,176,25,6,3,75
4,177,25,6,3,66
5,178,25,6,3,59
6,179,25,6,3,54
7,180,25,6,3,26
1,181,26,7,4,44
2,182,26,7,4,33
3,183,26,7,4,46
4,184,26,7,4,20
5,185,26,7,4,52
6,186,26,7,4,38
7,187,26,7,4,24
1,188,27,7,4,35
2,189,27,7,4,33
3,190,27,7,4,45
4,191,27,7,4,31
5,192,27,7,4,32
6,193,27,7,4,50
7,194,27,7,4,28
1,195,28,7,4,38
2,196,28,7,4,36
3,197,28,7,4,34
4,198,28,7,4,32
5,199,28,7,4,42
6,200,28,7,4,36
7,201,28,7,4,31
1,202,29,7,4,29
2,203,29,7,4,40
3,204,29,7,4,41
4,205,29,7,4,39
5,206,29,7,4,45
6,207,29,7,4,40
7,208,29,7,4,35
1,209,30,7,4,25
2,210,30,7,4,36
3,211,30,7,4,29
4,212,30,8,4,30
5,213,30,8,4,38
6,214,30,8,4,39
7,215,30,8,4,42
1,216,31,8,4,41
2,217,31,8,4,43
3,218,31,8,4,45
4,219,31,8,4,32
5,220,31,8,4,37
6,221,31,8,4,51
7,222,31,8,4,68
1,223,32,8,4,38
2,224,32,8,4,34
3,225,32,8,4,44
4,226,32,8,4,35
5,227,32,8,4,49
6,228,32,8,4,41
7,229,32,8,4,32
1,230,33,8,4,29
2,231,33,8,4,38
3,232,33,8,5,21
4,233,33,8,5,25
5,234,33,8,5,32
6,235,33,8,5,26
7,236,33,8,5,24
1,237,34,8,5,25
2,238,34,8,5,19
3,239,34,8,5,9
4,240,34,8,5,15
5,241,34,8,5,18
6,242,34,8,5,18
7,243,34,9,5,15
1,244,35,9,5,34
2,245,35,9,5,18
3,246,35,9,5,16
4,247,35,9,5,14
5,248,35,9,5,17
6,249,35,9,5,15
7,250,35,9,5,19
1,251,36,9,5,23
2,252,36,9,5,23
3,253,36,9,5,21
4,254,36,9,5,13
5,255,36,9,5,23
6,256,36,9,5,44
7,257,36,9,5,35
1,258,37,9,5,29
2,259,37,9,5,26
3,260,37,9,5,20
4,261,37,9,5,17
5,262,37,9,5,29
6,263,37,9,5,38
7,264,37,9,5,24
1,265,38,9,5,25
2,266,38,9,5,23
3,267,38,9,5,30
4,268,38,9,5,14
5,269,38,9,5,37
6,270,38,9,5,26
7,271,38,9,5,35
1,272,39,9,5,25
2,273,39,10,5,26
3,274,39,10,5,18
4,275,39,10,5,25
5,276,39,10,5,27
6,277,39,10,5,41
7,278,39,10,5,46
1,279,40,10,5,55
2,280,40,10,5,62
3,281,40,10,5,41
4,282,40,10,5,25
5,283,40,10,5,39
6,284,40,10,5,49
7,285,40,10,5,43
1,286,41,10,5,44
2,287,41,10,5,37
3,288,41,10,5,29
4,289,41,10,5,24
5,290,41,10,5,36
6,291,41,10,5,50
7,292,41,10,5,56
1,293,42,10,5,46
2,294,42,10,5,46
3,295,42,10,5,22
4,296,42,10,5,18
5,297,42,10,5,22
6,298,42,10,5,40
7,299,42,10,5,54
1,300,43,10,5,41
2,301,43,10,5,25
3,302,43,10,5,34
4,303,43,10,5,13
5,304,43,11,5,23
6,305,43,11,5,27
7,306,43,11,5,50
1,307,44,11,5,32
2,308,44,11,5,56
3,309,44,11,5,26
4,310,44,11,5,24
5,311,44,11,5,45
6,312,44,11,5,39
7,313,44,11,5,68
1,314,45,11,5,64
2,315,45,11,5,57
3,316,45,11,5,42
4,317,45,11,5,23
5,318,45,11,5,47
6,319,45,11,6,54
7,320,45,11,6,46
1,321,46,11,6,55
2,322,46,11,6,100
3,323,46,11,6,84
4,324,46,11,6,90
5,325,46,11,6,57
6,326,46,11,6,76
7,327,46,11,6,55
1,328,47,11,6,53
2,329,47,11,6,60
3,330,47,11,6,80
4,331,47,11,5,46
5,332,47,11,5,74
6,333,47,11,5,61
7,334,47,12,1,54
1,335,48,12,1,65
2,336,48,12,1,57
3,337,48,12,1,77
4,338,48,12,1,58
5,339,48,12,1,75
6,340,48,12,1,75
7,341,48,12,1,59
1,342,49,12,1,30
2,343,49,12,1,60
3,344,49,12,1,55
4,345,49,12,1,68
5,346,49,12,1,67
6,347,49,12,1,44
7,348,49,12,1,42
1,349,50,12,1,80
2,350,50,12,1,76
3,351,50,12,7,100
4,352,50,12,7,86
5,353,50,12,7,15
6,354,50,12,7,89
7,355,50,12,7,86
1,356,51,12,7,106
2,357,51,12,7,88
3,358,51,12,7,85
4,359,51,12,7,102
5,360,51,12,7,115
6,361,51,12,7,108
7,362,51,12,7,117
1,363,52,12,7,94
2,364,52,12,7,50
3,0,0,1,7,54
4,1,0,1,7,101
5,2,0,1,7,92
6,3,0,1,7,101
7,4,0,1,7,104
1,5,1,1,7,87
2,6,1,1,7,68
3,7,1,1,7,77
4,8,1,1,7,47
5,9,1,1,1,51
6,10,1,1,1,52
7,11,1,1,1,59
1,12,2,1,1,45
2,13,2,1,1,50
3,14,2,1,1,31
4,15,2,1,1,29
5,16,2,1,1,56
6,17,2,1,1,71
7,18,2,1,1,90
1,19,3,1,1,78
2,20,3,1,1,72
3,21,3,1,1,72
4,22,3,1,1,66
5,23,3,1,1,54
6,24,3,1,1,75
7,25,3,1,1,79
1,26,4,1,1,11
2,27,4,1,1,62
3,28,4,1,1,60
4,29,4,1,1,39
5,30,4,1,1,75
6,31,4,2,1,45
7,32,4,2,1,54
1,33,5,2,1,66
2,34,5,2,1,53
3,35,5,2,1,54
4,36,5,2,1,45
5,37,5,2,1,64
6,38,5,2,1,50
7,39,5,2,1,83
1,40,6,2,1,47
2,41,6,2,1,63
3,42,6,2,1,43
4,43,6,2,1,27
5,44,6,2,1,78
6,45,6,2,1,71
7,46,6,2,1,78
1,47,7,2,1,99
2,48,7,2,1,92
3,49,7,2,1,101
4,50,7,2,1,76
5,51,7,2,1,86
6,52,7,2,1,64
7,53,7,2,1,57
1,54,8,2,1,45
2,55,8,2,1,62
3,56,8,2,1,50
4,57,8,2,1,54
5,58,8,2,1,71
6,59,8,3,3,69
7,60,8,3,3,64
1,61,9,3,1,45
2,62,9,3,1,53
3,63,9,3,1,53
4,64,9,3,1,67
5,65,9,3,3,93
6,66,9,3,3,81
7,67,9,3,3,47
1,68,10,3,3,64
2,69,10,3,3,90
3,70,10,3,3,89
4,71,10,3,3,87
5,72,10,3,3,60
6,73,10,3,3,51
7,74,10,3,3,50
1,75,11,3,3,50
2,76,11,3,3,93
3,77,11,3,3,39
4,78,11,3,3,119
5,79,11,3,3,104
6,80,11,3,3,101
7,81,11,3,3,66
1,82,12,3,3,53
2,83,12,3,3,95
3,84,12,3,3,94
4,85,12,3,3,57
5,86,12,3,3,98
6,87,12,3,3,80
7,88,12,3,3,69
1,89,13,3,3,53
2,90,13,4,3,63
3,91,13,4,3,60
4,92,13,4,3,81
5,93,13,4,3,55
6,94,13,4,3,44
7,95,13,4,3,47
1,96,14,4,3,48
2,97,14,4,3,32
3,98,14,4,3,41
4,99,14,4,3,38
5,100,14,4,3,49
6,101,14,4,2,48
7,102,14,4,2,50
1,103,15,4,2,55
2,104,15,4,2,88
3,105,15,4,2,91
4,106,15,4,2,89
5,107,15,4,2,85
6,108,15,4,2,46
7,109,15,4,2,79
1,110,16,4,2,52
2,111,16,4,2,65
3,112,16,4,2,60
4,113,16,4,2,49
5,114,16,4,2,41
6,115,16,4,2,34
7,116,16,4,2,48
1,117,17,4,2,64
2,118,17,4,2,47
3,119,17,4,2,42
4,120,17,5,3,37
5,121,17,5,3,48
6,122,17,5,3,50
7,123,17,5,3,67
1,124,18,5,3,40
2,125,18,5,3,60
3,126,18,5,3,42
4,127,18,5,3,37
5,128,18,5,3,55
6,129,18,5,3,56
7,130,18,5,3,57
1,131,19,5,3,38
2,132,19,5,3,33
3,133,19,5,3,51
4,134,19,5,3,56
5,135,19,5,3,54
6,136,19,5,3,40
7,137,19,5,3,54
1,138,20,5,3,49
2,139,20,5,3,32
3,140,20,5,3,42
4,141,20,5,3,31
5,142,20,5,3,26
6,143,20,5,3,36
7,144,20,5,4,50
1,145,21,5,4,65
2,146,21,5,4,35
3,147,21,5,4,50
4,148,21,5,3,58
5,149,21,5,3,50
6,150,21,5,3,42
7,151,21,6,3,39
1,152,22,6,3,44
2,153,22,6,3,57
3,154,22,6,3,66
4,155,22,6,3,38
5,156,22,6,3,61
6,157,22,6,3,39
7,158,22,6,3,47
1,159,23,6,3,39
2,160,23,6,3,60
3,161,23,6,3,77
4,162,23,6,3,44
5,163,23,6,3,57
6,164,23,6,3,53
7,165,23,6,3,61
1,166,24,6,3,53
2,167,24,6,3,67
3,168,24,6,3,52
4,169,24,6,3,51
5,170,24,6,3,54
6,171,24,6,3,47
7,172,24,6,3,58
1,173,25,6,3,60
2,174,25,6,3,65
3,175,25,6,3,71
4,176,25,6,3,71
5,177,25,6,3,79
6,178,25,6,3,50
7,179,25,6,3,62
1,180,26,6,3,63
2,181,26,7,4,49
3,182,26,7,4,66
4,183,26,7,4,36
5,184,26,7,4,28
6,185,26,7,4,52
7,186,26,7,4,41
1,187,27,7,4,31
2,188,27,7,4,72
3,189,27,7,4,60
4,190,27,7,4,59
5,191,27,7,4,58
6,192,27,7,4,49
7,193,27,7,4,48
1,194,28,7,4,36
2,195,28,7,4,47
3,196,28,7,4,50
4,197,28,7,4,45
5,198,28,7,4,36
6,199,28,7,4,38
7,200,28,7,4,42
1,201,29,7,4,30
2,202,29,7,4,50
3,203,29,7,4,55
4,204,29,7,4,46
5,205,29,7,4,33
6,206,29,7,4,58
7,207,29,7,4,61
1,208,30,7,4,47
2,209,30,7,4,67
3,210,30,7,4,55
4,211,30,7,4,60
5,212,30,8,4,52
6,213,30,8,4,35
7,214,30,8,4,39
1,215,31,8,4,53
2,216,31,8,4,40
3,217,31,8,4,50
4,218,31,8,4,52
5,219,31,8,4,58
6,220,31,8,4,55
7,221,31,8,4,70
1,222,32,8,4,48
2,223,32,8,4,38
3,224,32,8,4,47
4,225,32,8,4,45
5,226,32,8,4,51
6,227,32,8,4,45
7,228,32,8,4,59
1,229,33,8,4,40
2,230,33,8,4,40
3,231,33,8,5,56
4,232,33,8,5,38
5,233,33,8,5,33
6,234,33,8,5,39
7,235,33,8,5,34
1,236,34,8,5,45
2,237,34,8,5,19
3,238,34,8,5,27
4,239,34,8,5,23
5,240,34,8,5,18
6,241,34,8,5,19
7,242,34,8,5,23
1,243,35,9,5,17
2,244,35,9,5,13
3,245,35,9,5,13
4,246,35,9,5,8
5,247,35,9,5,11
6,248,35,9,5,11
7,249,35,9,5,23
1,250,36,9,5,25
2,251,36,9,5,18
3,252,36,9,5,24
4,253,36,9,5,15
5,254,36,9,5,30
6,255,36,9,5,25
7,256,36,9,5,40
1,257,37,9,5,30
2,258,37,9,5,23
3,259,37,9,5,19
4,260,37,9,5,19
5,261,37,9,5,27
6,262,37,9,5,39
7,263,37,9,5,57
1,264,38,9,5,56
2,265,38,9,5,44
3,266,38,9,5,28
4,267,38,9,5,39
5,268,38,9,5,43
6,269,38,9,5,46
7,270,38,9,5,72
1,271,39,9,5,51
2,272,39,9,5,51
3,273,39,10,5,36
4,274,39,10,5,17
5,275,39,10,5,46
6,276,39,10,5,52
7,277,39,10,5,50
1,278,40,10,5,61
2,279,40,10,5,57
3,280,40,10,5,83
4,281,40,10,5,48
5,282,40,10,5,71
6,283,40,10,5,104
7,284,40,10,5,75
1,285,41,10,5,86
2,286,41,10,5,97
3,287,41,10,5,74
4,288,41,10,5,42
5,289,41,10,5,67
6,290,41,10,5,72
7,291,41,10,5,42
1,292,42,10,5,75
2,293,42,10,5,56
3,294,42,10,5,50
4,295,42,10,5,28
5,296,42,10,5,34
6,297,42,10,5,38
7,298,42,10,5,48
1,299,43,10,5,55
2,300,43,10,5,41
3,301,43,10,5,25
4,302,43,10,5,21
5,303,43,10,5,19
6,304,43,11,5,45
7,305,43,11,5,57
1,306,44,11,5,68
2,307,44,11,5,65
3,308,44,11,5,52
4,309,44,11,5,43
5,310,44,11,5,58
6,311,44,11,5,58
7,312,44,11,5,70
1,313,45,11,5,78
2,314,45,11,5,63
3,315,45,11,5,59
4,316,45,11,5,68
5,317,45,11,5,63
6,318,45,11,5,42
7,319,45,11,5,65
1,320,46,11,5,65
2,321,46,11,5,43
3,322,46,11,5,40
4,323,46,11,5,41
5,324,46,11,5,34
6,325,46,11,6,49
7,326,46,11,6,48
1,327,47,11,6,99
2,328,47,11,6,112
3,329,47,11,6,105
4,330,47,11,6,81
5,331,47,11,6,58
6,332,47,11,6,65
7,333,47,11,6,62
1,334,48,12,6,48
2,335,48,12,6,65
3,336,48,12,6,42
4,337,48,12,1,34
5,338,48,12,1,41
6,339,48,12,1,82
7,340,48,12,1,58
1,341,49,12,1,63
2,342,49,12,1,41
3,343,49,12,1,40
4,344,49,12,1,23
5,345,49,12,1,39
6,346,49,12,1,44
7,347,49,12,1,65
1,348,50,12,1,80
2,349,50,12,1,56
3,350,50,12,1,49
4,351,50,12,7,35
5,352,50,12,7,62
6,353,50,12,7,62
7,354,50,12,7,64
1,355,51,12,7,32
2,356,51,12,7,74
3,357,51,12,7,81
4,358,51,12,7,68
5,359,51,12,7,69
6,360,51,12,7,80
7,361,51,12,7,60
1,362,52,12,7,101
2,363,52,12,7,109
